[
  {
    "en": "Alopecia Areata",
    "ar": "الثعلبة البقعية"
  },
  {
    "en": "Contact Dermatitis",
    "ar": "التهاب الجلد التماسي"
  },
  {
    "en": "Folliculitis",
    "ar": "التهاب الجريبات"
  },
  {
    "en": "Head Lice",
    "ar": "قمل الرأس"
  },
  {
    "en": "Lichen Planus",
    "ar": "الحزاز المسطح"
  },
  {
    "en": "Male Pattern Baldness",
    "ar": "الصلع الوراثي (الذكوري)"
  },
  {
    "en": "Psoriasis",
    "ar": "الصدفية"
  },
  {
    "en": "Seborrheic Dermatitis",
    "ar": "التهاب الجلد الدهني"
  },
  {
    "en": "Telogen Effluvium",
    "ar": "تساقط التيلوجين"
  },
  {
    "en": "Tinea Capitis",
    "ar": "سعفة الرأس"
  }
]